filename,losub_lost,losub_clonal,losub_subclonal,loclonal_lost,loclonal_clonal,loclonal_subclonal,hisub_lost,hisub_clonal,hisub_subclonal,hiclonal_lost,hiclonal_clonal,hiclonal_subclonal
K469-Tumor,0.711060948081264,0.241534988713318,0.0474040632054176,0.759061833688699,0.236673773987207,0.00426439232409382,0.967806841046278,0.00603621730382294,0.0261569416498994,0.941767068273092,0.0502008032128514,0.00803212851405622
