"X.name.","X.n.","X.p1.","X.p2.","X.p3.","X.psi1.","X.psi2.","X.psi3."
"name","n","p1","p2","p3","psi1","psi2","psi3"
"K416-Tumor-CD24hi.csv","5","0.271239495980441","0.829510252538287","0.271239343299675","0.367958805502472","0.598302636768569","0.0337385577289594"
