"X.name.","X.n.","X.p1.","X.p2.","X.psi1.","X.psi2."
"name","n","p1","p2","psi1","psi2"
"K416-Tumor-CD24hi.csv","2989","0.340016325703899","0.598754235629105","0.414902844452744","0.585097155547256"
